<?xml version="1.0" encoding="UTF-8"?>
<project-private xmlns="http://www.netbeans.org/ns/project-private/1">
    <editor-bookmarks xmlns="http://www.netbeans.org/ns/editor-bookmarks/2" lastBookmarkId="0"/>
    <open-files xmlns="http://www.netbeans.org/ns/projectui-open-files/2">
        <group>
            <file>file:/C:/Users/DELL/Documents/NetBeansProjects/IronBank/src/ironbank/EditParte.java</file>
            <file>file:/C:/Users/DELL/Documents/NetBeansProjects/IronBank/src/ironbank/EditCuenta.java</file>
            <file>file:/C:/Users/DELL/Documents/NetBeansProjects/IronBank/src/ironbank/EditTransaccion.java</file>
            <file>file:/C:/Users/DELL/Documents/NetBeansProjects/IronBank/src/ironbank/Main.java</file>
        </group>
        <group name="Ejercicios">
            <file>file:/Users/villalobos28/NetBeansProjects/IronBank/src/ironbank/Main.java</file>
            <file>file:/Users/villalobos28/NetBeansProjects/IronBank/src/ironbank/EditClient.java</file>
        </group>
    </open-files>
</project-private>
